{"cameraMode":{"drawMode":0,"name":"Shaded","section":"Shading Mode"},"sceneLighting":true,"audioPlay":false,"sceneViewState":{"showFog":true,"showMaterialUpdate":false,"showSkybox":true,"showFlares":true,"showImageEffects":true,"showParticleSystems":true},"in2DMode":false,"pivot":{"x":11.223518371582032,"y":18.151060104370118,"z":561.4805297851563},"rotation":{"x":0.2420983761548996,"y":-0.21329566836357118,"z":0.05464766547083855,"w":0.9449375867843628},"size":10.0,"orthographic":false}